阿巴嘎旗,152522
阿坝藏族羌族自治州,513200
阿坝县,513231
阿城区,230112
阿尔山市,152202
阿合奇县,653023
阿克塞哈萨克族自治县,620924
阿克苏地区,652900
阿克苏市,652901
阿克陶县,653022
阿拉尔市,659002
阿拉山口市,652702
阿拉善盟,152900
阿拉善右旗,152922
阿拉善左旗,152921
阿勒泰地区,654300
阿勒泰市,654301
阿里地区,542500
阿鲁科尔沁旗,150421
阿荣旗,150721
阿图什市,653001
阿瓦提县,652928
爱辉区,231102
爱民区,231004
安次区,131002
安达市,231281
安定区,621102
安多县,540624
安福县,360829
安国市,130683
安化县,430923
安徽省,340000
安吉县,330523
安居区,510904
安康市,610900
安龙县,522328
安陆市,420982
安宁区,620105
安宁市,530181
安平县,131125
安庆市,340800
安丘市,370784
安仁县,431028
安塞区,610603
安顺市,520400
安图县,222426
安溪县,350524
安乡县,430721
安新县,130632
安阳市,410500
安阳县,410522
安义县,360123
安源区,360302
安远县,360726
安岳县,512021
安泽县,141026
安州区,510705
鞍山市,210300
昂昂溪区,230205
昂仁县,540226
敖汉旗,150430
澳门特别行政区,820000
八步区,451102
八公山区,340405
八宿县,540326
巴楚县,653130
巴东县,422823
巴里坤哈萨克自治县,650521
巴林右旗,150423
巴林左旗,150422
巴马瑶族自治县,451227
巴南区,500113
巴青县,540628
巴塘县,513335
巴彦淖尔市,150800
巴彦县,230126
巴宜区,540402
巴音郭楞蒙古自治州,652800
巴中市,511900
巴州区,511902
鲅鱼圈区,210804
霸州市,131081
灞桥区,610111
白城市,220800
白河县,610929
白碱滩区,650204
白朗县,540228
白沙黎族自治县,469025
白山市,220600
白水县,610527
白塔区,211002
白银区,620402
白银市,620400
白玉县,513331
白云鄂博矿区,150206
白云区,440111
白云区,520113
百色市,451000
柏乡县,130524
拜城县,652926
拜泉县,230231
班戈县,540627
班玛县,632622
蚌埠市,340300
蚌山区,340303
包河区,340111
包头市,150200
宝安区,440306
宝坻区,120115
宝丰县,410421
宝鸡市,610300
宝清县,230523
宝山区,230506
宝山区,310113
宝塔区,610602
宝兴县,511827
宝应县,321023
保德县,140931
保定市,130600
保靖县,433125
保康县,420626
保山市,530500
保亭黎族苗族自治县,469029
碑林区,610103
北安市,231181
北碚区,500109
北辰区,120113
北川羌族自治县,510726
北戴河区,130304
北关区,410503
北海市,450500
北湖区,431002
北京市,110000
北林区,231202
北流市,450981
北仑区,330206
北票市,211381
北区,810013
北塔区,430511
北屯市,659005
北镇市,210782
本溪满族自治县,210521
本溪市,210500
比如县,540622
毕节市,520500
碧江区,520602
璧山区,500120
边坝县,540330
宾川县,532924
宾县,230125
宾阳县,450126
彬州市,610482
滨城区,371602
滨海县,320922
滨海新区,120116
滨湖区,320211
滨江区,330108
滨州市,371600
波密县,540424
播州区,520304
勃利县,230921
亳州市,341600
博爱县,410822
博白县,450923
博尔塔拉蒙古自治州,652700
博湖县,652829
博乐市,652701
博罗县,441322
博山区,370304
博望区,340506
博兴县,371625
博野县,130637
布尔津县,654321
布拖县,513429
蔡甸区,420114
仓山区,350104
苍南县,330327
苍梧县,450421
苍溪县,510824
沧县,130921
沧源佤族自治县,530927
沧州市,130900
曹妃甸区,130209
曹县,371721
册亨县,522327
策勒县,653225
岑巩县,522626
岑溪市,450481
曾都区,421303
茶陵县,430224
察布查尔锡伯自治县,654022
察哈尔右翼后旗,150928
察哈尔右翼前旗,150926
察哈尔右翼中旗,150927
察雅县,540325
察隅县,540425
柴桑区,360404
禅城区,440604
瀍河回族区,410304
昌都市,540300
昌吉回族自治州,652300
昌吉市,652301
昌江黎族自治县,469026
昌江区,360202
昌乐县,370725
昌黎县,130322
昌宁县,530524
昌平区,110114
昌图县,211224
昌邑区,220202
昌邑市,370786
常德市,430700
常宁市,430482
常山县,330822
常熟市,320581
常州市,320400
巢湖市,340181
朝天区,510812
朝阳区,110105
朝阳区,220104
朝阳市,211300
朝阳县,211321
潮安区,445103
潮南区,440514
潮阳区,440513
潮州市,445100
郴州市,431000
辰溪县,431223
陈巴尔虎旗,150725
陈仓区,610304
称多县,632723
成安县,130424
成都市,510100
成华区,510108
成武县,371723
成县,621221
呈贡区,530114
承德市,130800
承德县,130821
城北区,630105
城步苗族自治县,430529
城东区,630102
城固县,610722
城关区,540102
城关区,620102
城口县,500229
城区,140302
城区,140502
城区,441502
城西区,630104
城厢区,350302
城阳区,370214
城中区,450202
城中区,630103
城子河区,230306
澄城县,610525
澄海区,440515
澄江市,530481
澄迈县,469023
池州市,341700
茌平区,371503
赤壁市,421281
赤城县,130732
赤峰市,150400
赤坎区,440802
赤水市,520381
崇川区,320613
崇礼区,130709
崇明区,310151
崇仁县,361024
崇信县,620823
崇阳县,421223
崇义县,360725
崇州市,510184
崇左市,451400
滁州市,341100
楚雄市,532301
楚雄彝族自治州,532300
川汇区,411602
船山区,510903
船营区,220204
淳安县,330127
淳化县,610430
慈利县,430821
慈溪市,330282
磁县,130427
枞阳县,340722
从化区,440117
从江县,522633
丛台区,130403
翠屏区,511502
措美县,540526
措勤县,542527
错那市,540530
错那县,540530
达坂城区,650107
达川区,511703
达尔罕茂明安联合旗,150223
达拉特旗,150621
达日县,632624
达州市,511700
达孜区,540104
大安区,510304
大安市,220882
大厂回族自治县,131028
大城县,131025
大东区,210104
大渡口区,500104
大方县,520521
大丰区,320904
大关县,530624
大观区,340803
大化瑶族自治县,451229
大理白族自治州,532900
大理市,532901
大荔县,610523
大连市,210200
大名县,130425
大宁县,141030
大埔区,810014
大埔县,441422
大庆市,230600
大箐山县,230725
大石桥市,210882
大堂区,820004
大田县,350425
大通回族土族自治县,630121
大通区,340402
大同区,230606
大同市,140200
大洼区,211104
大武口区,640202
大悟县,420922
大祥区,430503
大新县,451424
大兴安岭地区,232700
大兴区,110115
大姚县,532326
大冶市,420281
大邑县,510129
大英县,510923
大余县,360723
大竹县,511724
大足区,500111
代县,140923
岱山县,330921
岱岳区,370911
丹巴县,513323
丹东市,210600
丹凤县,611022
丹江口市,420381
丹棱县,511424
丹徒区,321112
丹阳市,321181
丹寨县,522636
单县,371722
郸城县,411625
儋州市,460400
当涂县,340521
当雄县,540122
当阳市,420582
砀山县,341321
宕昌县,621223
道孚县,513326
道里区,230102
道外区,230104
道县,431124
道真仡佬族苗族自治县,520325
稻城县,513337
得荣县,513338
德安县,360426
德保县,451024
德昌县,513424
德城区,371402
德格县,513330
德宏傣族景颇族自治州,533100
德化县,350526
德惠市,220183
德江县,520626
德令哈市,632802
德钦县,533422
德清县,330521
德庆县,441226
德兴市,361181
德阳市,510600
德州市,371400
灯塔市,211081
登封市,410185
邓州市,411381
磴口县,150822
滴道区,230304
迪庆藏族自治州,533400
点军区,420504
电白区,440904
垫江县,500231
调兵山市,211281
迭部县,623024
叠彩区,450303
丁青县,540324
鼎城区,430703
鼎湖区,441203
定安县,469021
定边县,610825
定海区,330902
定结县,540231
定南县,360728
定日县,540223
定陶区,371703
定西市,621100
定襄县,140921
定兴县,130626
定远县,341125
定州市,130682
东阿县,371524
东安区,231002
东安县,431122
东宝区,420802
东昌府区,371502
东昌区,220502
东城区,110101
东川区,530113
东方市,469007
东丰县,220421
东风区,230805
东港区,371102
东港市,210681
东莞市,441900
东光县,130923
东海县,320722
东河区,150202
东湖区,360102
东兰县,451224
东丽区,120110
东辽县,220422
东明县,371728
东宁市,231086
东平县,370923
东坡区,511402
东区,510402
东区,810003
东山区,230406
东山县,350626
东胜区,150602
东台市,320981
东乌珠穆沁旗,152525
东西湖区,420112
东乡区,361003
东乡族自治县,622926
东兴区,511011
东兴市,450681
东阳市,330783
东营区,370502
东营市,370500
东源县,441625
东至县,341721
东洲区,210403
洞口县,430525
洞头区,330305
都安瑶族自治县,451228
都昌县,360428
都江堰市,510181
都兰县,632822
都匀市,522701
斗门区,440403
独山县,522726
独山子区,650202
杜尔伯特蒙古族自治县,230624
杜集区,340602
端州区,441202
堆龙德庆区,540103
敦化市,222403
敦煌市,620982
多伦县,152531
掇刀区,420804
峨边彝族自治县,511132
峨眉山市,511181
峨山彝族自治县,530426
额尔古纳市,150784
额济纳旗,152923
额敏县,654221
鄂城区,420704
鄂尔多斯市,150600
鄂伦春自治旗,150723
鄂托克旗,150624
鄂托克前旗,150623
鄂温克族自治旗,150724
鄂州市,420700
恩平市,440785
恩施市,422801
恩施土家族苗族自治州,422800
恩阳区,511903
洱源县,532930
二道江区,220503
二道区,220105
二连浩特市,152501
二七区,410103
法库县,210124
番禺区,440113
樊城区,420606
繁昌区,340212
繁峙县,140924
范县,410926
方城县,411322
方山县,141128
方正县,230124
坊子区,370704
防城港市,450600
防城区,450603
房山区,110111
房县,420325
肥城市,370983
肥东县,340122
肥西县,340123
肥乡区,130407
费县,371325
分宜县,360521
汾西县,141034
汾阳市,141182
丰城市,360981
丰都县,500230
丰林县,230724
丰满区,220211
丰南区,130207
丰宁满族自治县,130826
丰润区,130208
丰顺县,441423
丰台区,110106
丰县,320321
丰泽区,350503
丰镇市,150981
风顺堂区,820005
封开县,441225
封丘县,410727
峰峰矿区,130406
凤城市,210682
凤冈县,520327
凤凰县,433123
凤庆县,530921
凤泉区,410704
凤山县,451223
凤台县,340421
凤县,610330
凤翔区,610305
凤阳县,341126
奉化区,330213
奉节县,500236
奉贤区,310120
奉新县,360921
扶风县,610324
扶沟县,411621
扶绥县,451421
扶余市,220781
芙蓉区,430102
佛冈县,441821
佛坪县,610730
佛山市,440600
浮梁县,360222
浮山县,141027
涪城区,510703
涪陵区,500102
福安市,350981
福鼎市,350982
福贡县,533323
福海县,654323
福建省,350000
福绵区,450903
福清市,350181
福泉市,522702
福山区,370611
福田区,440304
福州市,350100
抚宁区,130306
抚顺市,210400
抚顺县,210421
抚松县,220621
抚远市,230883
抚州市,361000
府谷县,610822
阜城县,131128
阜康市,652302
阜南县,341225
阜宁县,320923
阜平县,130624
阜新蒙古族自治县,210921
阜新市,210900
阜阳市,341200
复兴区,130404
富川瑶族自治县,451123
富锦市,230882
富拉尔基区,230206
富民县,530124
富宁县,532628
富平县,610528
富顺县,510322
富县,610628
富阳区,330111
富裕县,230227
富源县,530325
富蕴县,654322
伽师县,653129
噶尔县,542523
改则县,542526
盖州市,210881
甘德县,632623
甘谷县,620523
甘井子区,210211
甘洛县,513435
甘南藏族自治州,623000
甘南县,230225
甘泉县,610627
甘肃省,620000
甘州区,620702
甘孜藏族自治州,513300
甘孜县,513328
赣县区,360704
赣榆区,320707
赣州市,360700
刚察县,632224
钢城区,370117
岗巴县,540237
港北区,450802
港口区,450602
港南区,450803
皋兰县,620122
高安市,360983
高碑店市,130684
高昌区,650402
高淳区,320118
高港区,321203
高陵区,610117
高密市,370785
高明区,440608
高平市,140581
高坪区,511303
高青县,370322
高台县,620724
高唐县,371526
高县,511525
高阳县,130628
高要区,441204
高邑县,130127
高邮市,321084
高州市,440981
藁城区,130109
革吉县,542525
格尔木市,632801
个旧市,532501
根河市,150785
耿马傣族佤族自治县,530926
工布江达县,540421
工农区,230403
弓长岭区,211005
公安县,421022
公主岭市,220184
恭城瑶族自治县,450332
巩留县,654024
巩义市,410181
拱墅区,330105
珙县,511526
共和县,632521
共青城市,360482
贡嘎县,540522
贡井区,510303
贡觉县,540322
贡山独龙族怒族自治县,533324
沽源县,130724
姑苏区,320508
古城区,530702
古交市,140181
古浪县,620622
古蔺县,510525
古塔区,210702
古田县,350922
古县,141025
古冶区,130204
古丈县,433126
谷城县,420625
鼓楼区,320106
鼓楼区,320302
鼓楼区,350102
鼓楼区,410204
固安县,131022
固始县,411525
固阳县,150222
固原市,640400
固镇县,340323
故城县,131126
瓜州县,620922
关岭布依族苗族自治县,520424
观山湖区,520115
观塘区,810009
官渡区,530111
冠县,371525
馆陶县,130433
管城回族区,410104
灌南县,320724
灌阳县,450327
灌云县,320723
光明区,440311
光山县,411522
光泽县,350723
广安区,511602
广安市,511600
广昌县,361030
广德市,341882
广东省,440000
广丰区,361103
广汉市,510681
广河县,622924
广灵县,140223
广陵区,321002
广南县,532627
广宁县,441223
广平县,130432
广饶县,370523
广水市,421381
广西壮族自治区,450000
广信区,361104
广阳区,131003
广元市,510800
广州市,440100
广宗县,130531
贵池区,341702
贵德县,632523
贵定县,522723
贵港市,450800
贵南县,632525
贵溪市,360681
贵阳市,520100
贵州省,520000
桂东县,431027
桂林市,450300
桂平市,450881
桂阳县,431021
果洛藏族自治州,632600
哈巴河县,654324
哈尔滨市,230100
哈密市,650500
海安市,320685
海北藏族自治州,632200
海勃湾区,150302
海沧区,350205
海城区,450502
海城市,210381
海淀区,110108
海东市,630200
海丰县,441521
海港区,130302
海口市,460100
海拉尔区,150702
海林市,231083
海陵区,321202
海伦市,231283
海门区,320614
海南藏族自治州,632500
海南区,150303
海南省,460000
海宁市,330481
海曙区,330203
海棠区,460202
海西蒙古族藏族自治州,632800
海西蒙古族藏族自治州直辖,632825
海兴县,130924
海盐县,330424
海晏县,632223
海阳市,370687
海原县,640522
海州区,210902
海州区,320706
海珠区,440105
邗江区,321003
邯郸市,130400
邯山区,130402
含山县,340522
涵江区,350303
韩城市,610581
寒亭区,370703
汉滨区,610902
汉川市,420984
汉南区,420113
汉寿县,430722
汉台区,610702
汉阳区,420105
汉阴县,610921
汉源县,511823
汉中市,610700
杭锦后旗,150826
杭锦旗,150625
杭州市,330100
濠江区,440512
合川区,500117
合肥市,340100
合江县,510522
合浦县,450521
合山市,451381
合水县,621024
合阳县,610524
合作市,623001
和布克赛尔蒙古自治县,654226
和静县,652827
和林格尔县,150123
和龙市,222406
和平区,120101
和平区,210102
和平县,441624
和顺县,140723
和硕县,652828
和田地区,653200
和田市,653201
和田县,653221
和县,340523
和政县,622925
河北区,120105
河北省,130000
河池市,451200
河东区,120102
河东区,371312
河间市,130984
河津市,140882
河口区,370503
河口瑶族自治县,532532
河南蒙古族自治县,632324
河南省,410000
河曲县,140930
河西区,120103
河源市,441600
荷塘区,430202
菏泽市,371700
贺兰县,640122
贺州市,451100
赫山区,430903
赫章县,520527
鹤壁市,410600
鹤城区,431202
鹤峰县,422828
鹤岗市,230400
鹤庆县,532932
鹤山区,410602
鹤山市,440784
黑河市,231100
黑龙江省,230000
黑山县,210726
黑水县,513228
恒山区,230303
横峰县,361125
横山区,610803
横州市,450181
衡东县,430424
衡南县,430422
衡山县,430423
衡水市,131100
衡阳市,430400
衡阳县,430421
红安县,421122
红岗区,230605
红古区,620111
红谷滩区,360113
红河哈尼族彝族自治州,532500
红河县,532529
红花岗区,520302
红旗区,410702
红桥区,120106
红山区,150402
红寺堡区,640303
红塔区,530402
红原县,513233
宏伟区,211004
虹口区,310109
洪洞县,141024
洪湖市,421083
洪江市,431281
洪山区,420111
洪雅县,511423
洪泽区,320813
侯马市,141081
呼和浩特市,150100
呼兰区,230111
呼伦贝尔市,150700
呼玛县,232721
呼图壁县,652323
胡杨河市,659010
壶关县,140427
葫芦岛市,211400
湖北省,420000
湖滨区,411202
湖口县,360429
湖里区,350206
湖南省,430000
湖州市,330500
虎林市,230381
虎丘区,320505
互助土族自治县,630223
鄠邑区,610118
花地玛堂区,820001
花都区,440114
花山区,340503
花王堂区,820002
花溪区,520111
花垣县,433124
华安县,350629
华池县,621023
华龙区,410902
华宁县,530424
华坪县,530723
华容区,420703
华容县,430623
华亭市,620881
华阴市,610582
华蓥市,511681
华州区,610503
滑县,410526
化德县,150922
化隆回族自治县,630224
化州市,440982
桦川县,230826
桦甸市,220282
桦南县,230822
怀安县,130728
怀化市,431200
怀集县,441224
怀来县,130730
怀宁县,340822
怀仁市,140681
怀柔区,110116
怀远县,340321
淮安区,320803
淮安市,320800
淮北市,340600
淮滨县,411527
淮南市,340400
淮上区,340311
淮阳区,411603
淮阴区,320804
槐荫区,370104
环翠区,371002
环江毛南族自治县,451226
环县,621022
桓仁满族自治县,210522
桓台县,370321
皇姑区,210105
黄陂区,420116
黄大仙区,810008
黄岛区,370211
黄冈市,421100
黄骅市,130983
黄陵县,610632
黄龙县,610631
黄梅县,421127
黄南藏族自治州,632300
黄平县,522622
黄埔区,440112
黄浦区,310101
黄山区,341003
黄山市,341000
黄石港区,420202
黄石市,420200
黄岩区,331003
黄州区,421102
湟源县,630123
湟中区,630106
潢川县,411526
珲春市,222404
辉南县,220523
辉县市,410782
徽县,621227
徽州区,341004
回民区,150103
汇川区,520303
会昌县,360733
会东县,513426
会理市,513402
会宁县,620422
会同县,431225
会泽县,530326
惠安县,350521
惠城区,441302
惠东县,441323
惠济区,410108
惠来县,445224
惠民县,371621
惠农区,640205
惠山区,320206
惠水县,522731
惠阳区,441303
惠州市,441300
浑江区,220602
浑南区,210112
浑源县,140225
获嘉县,410724
霍城县,654023
霍尔果斯市,654004
霍林郭勒市,150581
霍邱县,341522
霍山县,341525
霍州市,141082
鸡东县,230321
鸡冠区,230302
鸡西市,230300
鸡泽县,130431
积石山保安族东乡族撒拉族自治县,622927
吉安市,360800
吉安县,360821
吉林省,220000
吉林市,220200
吉隆县,540234
吉木乃县,654326
吉木萨尔县,652327
吉首市,433101
吉水县,360822
吉县,141028
吉阳区,460203
吉州区,360802
即墨区,370215
集安市,220582
集美区,350211
集宁区,150902
集贤县,230521
济南市,370100
济宁市,370800
济阳区,370115
济源市,419001
绩溪县,341824
蓟州区,120119
稷山县,140824
冀州区,131103
加查县,540528
加格达奇区,232718
夹江县,511126
佳木斯市,230800
佳县,610828
嘉定区,310114
嘉禾县,431024
嘉黎县,540621
嘉陵区,511304
嘉模堂区,820006
嘉善县,330421
嘉祥县,370829
嘉兴市,330400
嘉荫县,230722
嘉鱼县,421221
嘉峪关市,620200
郏县,410425
贾汪区,320305
尖草坪区,140108
尖山区,230502
尖扎县,632322
监利市,421088
犍为县,511123
简阳市,510185
建安区,411003
建昌县,211422
建德市,330182
建湖县,320925
建华区,230203
建宁县,350430
建瓯市,350783
建平县,211322
建始县,422822
建水县,532524
建阳区,350703
建邺区,320105
剑川县,532931
剑阁县,510823
剑河县,522629
涧西区,410305
江安县,511523
江岸区,420102
江北区,330205
江北区,500105
江城哈尼族彝族自治县,530826
江城区,441702
江川区,530403
江达县,540321
江都区,321012
江海区,440704
江汉区,420103
江华瑶族自治县,431129
江津区,500116
江口县,520621
江陵县,421024
江门市,440700
江南区,450105
江宁区,320115
江山市,330881
江苏省,320000
江西省,360000
江夏区,420115
江阳区,510502
江阴市,320281
江永县,431125
江油市,510781
江源区,220605
江州区,451402
江孜县,540222
将乐县,350428
姜堰区,321204
绛县,140826
交城县,141122
交口县,141130
郊区,140311
郊区,230811
郊区,340711
胶州市,370281
椒江区,331002
蛟河市,220281
焦作市,410800
蕉城区,350902
蕉岭县,441427
揭东区,445203
揭西县,445222
揭阳市,445200
解放区,410802
介休市,140781
界首市,341282
金安区,341502
金昌市,620300
金城江区,451202
金川区,620302
金川县,513226
金东区,330703
金凤区,640106
金湖县,320831
金华市,330700
金口河区,511113
金林区,230751
金门县,350527
金牛区,510106
金平苗族瑶族傣族自治县,532530
金平区,440511
金沙县,520523
金山区,310116
金水区,410105
金塔县,620921
金台区,610303
金坛区,320413
金堂县,510121
金湾区,440404
金溪县,361027
金乡县,370828
金秀瑶族自治县,451324
金阳县,513430
金寨县,341524
金州区,210213
津南区,120112
津市市,430781
锦江区,510104
锦屏县,522628
锦州市,210700
进贤县,360124
晋安区,350111
晋城市,140500
晋江市,350582
晋宁区,530115
晋源区,140110
晋中市,140700
晋州市,130183
缙云县,331122
京口区,321102
京山市,420882
泾川县,620821
泾县,341823
泾阳县,610423
泾源县,640424
荆门市,420800
荆州区,421003
荆州市,421000
旌德县,341825
旌阳区,510603
精河县,652722
井冈山市,360881
井陉矿区,130107
井陉县,130121
井研县,511124
景德镇市,360200
景东彝族自治县,530823
景谷傣族彝族自治县,530824
景洪市,532801
景宁畲族自治县,331127
景泰县,620423
景县,131127
竞秀区,130602
靖安县,360925
靖边县,610824
靖江市,321282
靖西市,451081
靖宇县,220622
靖远县,620421
靖州苗族侗族自治县,431229
静安区,310106
静海区,120118
静乐县,140926
静宁县,620826
镜湖区,340202
鸠江区,340207
九江市,360400
九龙城区,810007
九龙坡区,500107
九龙县,513324
九台区,220113
九原区,150207
九寨沟县,513225
久治县,632625
酒泉市,620900
莒南县,371327
莒县,371122
巨鹿县,130529
巨野县,371724
句容市,321183
鄄城县,371726
君山区,430611
浚县,410621
喀喇沁旗,150428
喀喇沁左翼蒙古族自治县,211324
喀什地区,653100
喀什市,653101
卡若区,540302
开封市,410200
开福区,430105
开化县,330824
开江县,511723
开鲁县,150523
开平区,130205
开平市,440783
开阳县,520121
开原市,211282
开远市,532502
开州区,500154
凯里市,522601
康巴什区,150603
康保县,130723
康定市,513301
康乐县,622922
康马县,540230
康平县,210123
康县,621224
柯城区,330802
柯坪县,652929
柯桥区,330603
科尔沁区,150502
科尔沁右翼前旗,152221
科尔沁右翼中旗,152222
科尔沁左翼后旗,150522
科尔沁左翼中旗,150521
可克达拉市,659008
岢岚县,140929
克东县,230230
克拉玛依区,650203
克拉玛依市,650200
克山县,230229
克什克腾旗,150425
克孜勒苏柯尔克孜自治州,653000
垦利区,370505
崆峒区,620802
库车市,652902
库尔勒市,652801
库伦旗,150524
宽城满族自治县,130827
宽城区,220103
宽甸满族自治县,210624
矿区,140303
奎屯市,654003
奎文区,370705
葵青区,810017
昆都仑区,150203
昆明市,530100
昆山市,320583
昆玉市,659009
拉萨市,540100
拉孜县,540225
来安县,341122
来宾市,451300
来凤县,422827
莱山区,370613
莱芜区,370116
莱西市,370285
莱阳市,370682
莱州市,370683
涞水县,130623
涞源县,130630
兰考县,410225
兰陵县,371324
兰坪白族普米族自治县,533325
兰山区,371302
兰西县,231222
兰溪市,330781
兰州市,620100
岚皋县,610925
岚山区,371103
岚县,141127
蓝山县,431127
蓝田县,610122
澜沧拉祜族自治县,530828
郎溪县,341821
阆中市,511381
琅琊区,341102
廊坊市,131000
朗县,540426
浪卡子县,540531
崂山区,370212
老边区,210811
老城区,410302
老河口市,420682
乐安县,361025
乐昌市,440281
乐东黎族自治县,469027
乐都区,630202
乐陵市,371481
乐平市,360281
乐清市,330382
乐山市,511100
乐亭县,130225
乐业县,451028
乐至县,512022
雷波县,513437
雷山县,522634
雷州市,440882
耒阳市,430481
类乌齐县,540323
冷水江市,431381
冷水滩区,431103
离岛区,810018
离石区,141102
梨树区,230305
梨树县,220322
黎城县,140426
黎川县,361022
黎平县,522631
蠡县,130635
礼泉县,610425
礼县,621226
李沧区,370213
理塘县,513334
理县,513222
鲤城区,350502
澧县,430723
醴陵市,430281
历城区,370112
历下区,370102
立山区,210304
丽江市,530700
丽水市,331100
利川市,422802
利津县,370522
利通区,640302
利辛县,341623
利州区,510802
荔波县,522722
荔城区,350304
荔浦市,450381
荔湾区,440103
溧水区,320117
溧阳市,320481
连城县,350825
连江县,350122
连南瑶族自治县,441826
连平县,441623
连山区,211402
连山壮族瑶族自治县,441825
连云港市,320700
连云区,320703
连州市,441882
莲池区,130606
莲都区,331102
莲湖区,610104
莲花县,360321
涟水县,320826
涟源市,431382
廉江市,440881
濂溪区,360402
良庆区,450108
凉城县,150925
凉山彝族自治州,513400
凉州区,620602
梁河县,533122
梁平区,500155
梁山县,370832
梁溪区,320213
梁园区,411402
梁子湖区,420702
两当县,621228
辽宁省,210000
辽阳市,211000
辽阳县,211021
辽源市,220400
辽中区,210115
聊城市,371500
烈山区,340604
邻水县,511623
林甸县,230623
林口县,231025
林西县,150424
林芝市,540400
林州市,410581
林周县,540121
临安区,330112
临沧市,530900
临城县,130522
临川区,361002
临汾市,141000
临高县,469024
临桂区,450312
临海市,331082
临河区,150802
临江市,220681
临澧县,430724
临平区,330113
临清市,371581
临朐县,370724
临泉县,341221
临沭县,371329
临潭县,623021
临洮县,621124
临潼区,610115
临渭区,610502
临武县,431025
临西县,130535
临夏回族自治州,622900
临夏市,622901
临夏县,622921
临县,141124
临湘市,430682
临翔区,530902
临猗县,140821
临沂市,371300
临邑县,371424
临颍县,411122
临泽县,620723
临漳县,130423
临淄区,370305
麟游县,610329
灵宝市,411282
灵璧县,341323
灵川县,450323
灵丘县,140224
灵山县,450721
灵石县,140729
灵寿县,130126
灵台县,620822
灵武市,640181
凌海市,210781
凌河区,210703
凌源市,211382
凌云县,451027
陵城区,371403
陵川县,140524
陵水黎族自治县,469028
零陵区,431102
岭东区,230503
浏阳市,430181
留坝县,610729
柳北区,450205
柳城县,450222
柳河县,220524
柳江区,450206
柳林县,141125
柳南区,450204
柳州市,450200
六安市,341500
六合区,320116
六盘水市,520200
六枝特区,520203
龙安区,410506
龙城区,211303
龙川县,441622
龙凤区,230603
龙岗区,440307
龙港区,211403
龙港市,330383
龙海区,350604
龙湖区,440507
龙华区,440309
龙华区,460106
龙江县,230221
龙井市,222405
龙口市,370681
龙里县,522730
龙陵县,530523
龙马潭区,510504
龙门县,441324
龙南市,360783
龙泉市,331181
龙泉驿区,510112
龙沙区,230202
龙山区,220402
龙山县,433130
龙胜各族自治县,450328
龙潭区,220203
龙亭区,410202
龙湾区,330303
龙圩区,450406
龙文区,350603
龙岩市,350800
龙游县,330825
龙州县,451423
龙子湖区,340302
隆安县,450123
隆昌市,511083
隆德县,640423
隆化县,130825
隆回县,430524
隆林各族自治县,451031
隆阳区,530502
隆尧县,130525
隆子县,540529
陇川县,533124
陇南市,621200
陇西县,621122
陇县,610327
娄底市,431300
娄烦县,140123
娄星区,431302
卢龙县,130324
卢氏县,411224
芦山县,511826
芦淞区,430203
芦溪县,360323
庐江县,340124
庐山市,360483
庐阳区,340103
炉霍县,513327
泸定县,513322
泸水市,533301
泸西县,532527
泸溪县,433122
泸县,510521
泸州市,510500
鲁甸县,530621
鲁山县,410423
陆川县,450922
陆丰市,441581
陆河县,441523
陆良县,530322
鹿城区,330302
鹿泉区,130110
鹿邑县,411628
鹿寨县,450223
渌口区,430212
禄丰市,532302
禄劝彝族苗族自治县,530128
碌曲县,623026
路北区,130203
路凼填海区,820007
路南区,130202
路桥区,331004
潞城区,140406
潞州区,140403
栾城区,130111
栾川县,410324
滦南县,130224
滦平县,130824
滦州市,130284
轮台县,652822
罗城仫佬族自治县,451225
罗甸县,522728
罗定市,445381
罗湖区,440303
罗江区,510604
罗平县,530324
罗山县,411521
罗田县,421123
罗源县,350123
罗庄区,371311
萝北县,230421
洛川县,610629
洛江区,350504
洛龙区,410311
洛隆县,540329
洛南县,611021
洛宁县,410328
洛浦县,653224
洛阳市,410300
洛扎县,540527
漯河市,411100
吕梁市,141100
旅顺口区,210212
绿春县,532531
绿园区,220106
略阳县,610727
麻城市,421181
麻江县,522635
麻栗坡县,532624
麻山区,230307
麻阳苗族自治县,431226
麻章区,440811
马鞍山市,340500
马边彝族自治县,511133
马村区,410804
马尔康市,513201
马关县,532625
马龙区,530304
马山县,450124
马尾区,350105
玛多县,632626
玛纳斯县,652324
玛沁县,632621
玛曲县,623025
麦盖提县,653127
麦积区,620503
满城区,130607
满洲里市,150781
芒康县,540328
芒市,533103
茫崖市,632803
茅箭区,420302
茂名市,440900
茂南区,440902
茂县,513223
眉山市,511400
眉县,610326
梅河口市,220581
梅江区,441402
梅里斯达斡尔族区,230208
梅县区,441403
梅州市,441400
湄潭县,520328
美姑县,513436
美兰区,460108
门头沟区,110109
门源回族自治县,632221
蒙城县,341622
蒙山县,450423
蒙阴县,371328
蒙自市,532503
勐海县,532822
勐腊县,532823
孟村回族自治县,130930
孟津区,410308
孟连傣族拉祜族佤族自治县,530827
孟州市,410883
弥渡县,532925
弥勒市,532504
米东区,650109
米林市,540422
米林县,540422
米易县,510421
米脂县,610827
汨罗市,430681
泌阳县,411726
密山市,230382
密云区,110118
绵阳市,510700
绵竹市,510683
勉县,610725
冕宁县,513433
渑池县,411221
民丰县,653227
民和回族土族自治县,630222
民乐县,620722
民勤县,620621
民权县,411421
岷县,621126
闵行区,310112
闽侯县,350121
闽清县,350124
名山区,511803
明光市,341182
明山区,210504
明水县,231225
明溪县,350421
莫力达瓦达斡尔族自治旗,150722
漠河市,232701
墨江哈尼族自治县,530822
墨脱县,540423
墨玉县,653222
墨竹工卡县,540127
牟定县,532323
牟平区,370612
牡丹江市,231000
牡丹区,371702
木兰县,230127
木垒哈萨克自治县,652328
木里藏族自治县,513422
沐川县,511129
牧野区,410711
穆棱市,231085
那坡县,451026
那曲市,540600
纳溪区,510503
纳雍县,520525
乃东区,540502
奈曼旗,150525
南安市,350583
南岸区,500108
南澳县,440523
南部县,511321
南岔县,230726
南昌市,360100
南昌县,360121
南城县,361021
南充市,511300
南川区,500119
南丹县,451221
南芬区,210505
南丰县,361023
南岗区,230103
南宫市,130581
南关区,220102
南海区,440605
南和区,130506
南湖区,330402
南华县,532324
南涧彝族自治县,532926
南江县,511922
南京市,320100
南靖县,350627
南开区,120104
南康区,360703
南乐县,410923
南陵县,340223
南明区,520102
南木林县,540221
南宁市,450100
南皮县,130927
南票区,211404
南平市,350700
南谯区,341103
南区,810004
南沙区,440115
南沙区,460302
南山区,230404
南山区,440305
南通市,320600
南溪区,511503
南县,430921
南雄市,440282
南浔区,330503
南阳市,411300
南岳区,430412
南漳县,420624
南召县,411321
南郑区,610703
囊谦县,632725
讷河市,230281
内黄县,410527
内江市,511000
内蒙古自治区,150000
内丘县,130523
内乡县,411325
嫩江市,231183
尼勒克县,654028
尼玛县,540629
尼木县,540123
碾子山区,230207
聂拉木县,540235
聂荣县,540623
宁安市,231084
宁波市,330200
宁城县,150429
宁德市,350900
宁都县,360730
宁洱哈尼族彝族自治县,530821
宁国市,341881
宁海县,330226
宁河区,120117
宁化县,350424
宁江区,220702
宁津县,371422
宁晋县,130528
宁蒗彝族自治县,530724
宁陵县,411423
宁明县,451422
宁南县,513427
宁强县,610726
宁陕县,610923
宁武县,140925
宁夏回族自治区,640000
宁县,621026
宁乡市,430182
宁阳县,370921
宁远县,431126
农安县,220122
怒江傈僳族自治州,533300
瓯海区,330304
潘集区,340406
攀枝花市,510400
盘锦市,211100
盘龙区,530103
盘山县,211122
盘州市,520281
磐安县,330727
磐石市,220284
沛县,320322
彭山区,511403
彭水苗族土家族自治县,500243
彭阳县,640425
彭泽县,360430
彭州市,510182
蓬安县,511323
蓬江区,440703
蓬莱区,370614
蓬溪县,510921
邳州市,320382
皮山县,653223
郫都区,510117
偏关县,140932
平安区,630203
平坝区,520403
平昌县,511923
平城区,140213
平川区,620403
平顶山市,410400
平定县,140321
平度市,370283
平房区,230108
平谷区,110117
平桂区,451103
平果市,451082
平和县,350628
平湖市,330482
平江县,430626
平乐县,450330
平利县,610926
平凉市,620800
平鲁区,140603
平陆县,140829
平罗县,640221
平南县,450821
平桥区,411503
平泉市,130881
平山区,210502
平山县,130131
平顺县,140425
平潭县,350128
平塘县,522727
平武县,510727
平乡县,130532
平阳县,330326
平遥县,140728
平邑县,371326
平阴县,370124
平舆县,411723
平原县,371426
平远县,441426
坪山区,440310
凭祥市,451481
屏边苗族自治县,532523
屏南县,350923
屏山县,511529
萍乡市,360300
坡头区,440804
泊头市,130981
鄱阳县,361128
莆田市,350300
蒲城县,610526
蒲江县,510131
蒲县,141033
濮阳市,410900
濮阳县,410928
浦北县,450722
浦城县,350722
浦东新区,310115
浦江县,330726
浦口区,320111
普安县,522323
普定县,520422
普洱市,530800
普格县,513428
普兰店区,210214
普兰县,542521
普宁市,445281
普陀区,310107
普陀区,330903
七里河区,620103
七台河市,230900
七星关区,520502
七星区,450305
栖霞区,320113
栖霞市,370686
齐河县,371425
齐齐哈尔市,230200
祁东县,430426
祁连县,632222
祁门县,341024
祁县,140727
祁阳市,431181
岐山县,610323
奇台县,652325
淇滨区,410611
淇县,410622
綦江区,500110
蕲春县,421126
麒麟区,530302
杞县,410221
启东市,320681
千山区,210311
千阳县,610328
迁安市,130283
迁西县,130227
铅山县,361124
前锋区,511603
前郭尔罗斯蒙古族自治县,220721
前进区,230804
钱塘区,330114
乾安县,220723
乾县,610424
潜江市,429005
潜山市,340882
黔东南苗族侗族自治州,522600
黔江区,500114
黔南布依族苗族自治州,522700
黔西南布依族苗族自治州,522300
黔西市,520581
桥东区,130702
桥西区,130104
桥西区,130703
硚口区,420104
谯城区,341602
巧家县,530622
茄子河区,230904
且末县,652825
钦北区,450703
钦南区,450702
钦州市,450700
秦安县,620522
秦都区,610402
秦淮区,320104
秦皇岛市,130300
秦州区,620502
沁水县,140521
沁县,140430
沁阳市,410882
沁源县,140431
青白江区,510113
青川县,510822
青岛市,370200
青冈县,231223
青海省,630000
青河县,654325
青龙满族自治县,130321
青浦区,310118
青山湖区,360111
青山区,150204
青山区,420107
青神县,511425
青田县,331121
青铜峡市,640381
青县,130922
青秀区,450103
青羊区,510105
青阳县,341723
青原区,360803
青云谱区,360104
青州市,370781
清城区,441802
清丰县,410922
清河门区,210905
清河区,211204
清河县,130534
清涧县,610830
清江浦区,320812
清流县,350423
清水河县,150124
清水县,620521
清新区,441803
清徐县,140121
清原满族自治县,210423
清远市,441800
清苑区,130608
清镇市,520181
晴隆县,522324
庆安县,231224
庆城县,621021
庆阳市,621000
庆元县,331126
庆云县,371423
邛崃市,510183
琼海市,469002
琼结县,540524
琼山区,460107
琼中黎族苗族自治县,469030
丘北县,532626
邱县,130430
曲阜市,370881
曲江区,440205
曲靖市,530300
曲麻莱县,632726
曲水县,540124
曲松县,540525
曲沃县,141021
曲阳县,130634
曲周县,130435
渠县,511725
衢江区,330803
衢州市,330800
全椒县,341124
全南县,360729
全州县,450324
荃湾区,810010
泉港区,350505
泉山区,320311
泉州市,350500
确山县,411725
壤塘县,513230
让胡路区,230604
饶河县,230524
饶平县,445122
饶阳县,131124
仁布县,540229
仁和区,510411
仁化县,440224
仁怀市,520382
仁寿县,511421
任城区,370811
任丘市,130982
任泽区,130505
日喀则市,540200
日土县,542524
日照市,371100
荣昌区,500153
荣成市,371082
荣县,510321
容城县,130629
容县,450921
榕城区,445202
榕江县,522632
融安县,450224
融水苗族自治县,450225
如东县,320623
如皋市,320682
汝城县,431026
汝南县,411727
汝阳县,410326
汝州市,410482
乳山市,371083
乳源瑶族自治县,440232
芮城县,140830
瑞安市,330381
瑞昌市,360481
瑞金市,360781
瑞丽市,533102
润州区,321111
若尔盖县,513232
若羌县,652824
萨尔图区,230602
萨嘎县,540236
萨迦县,540224
赛罕区,150105
三都水族自治县,522732
三河市,131082
三江侗族自治县,450226
三门峡市,411200
三门县,331022
三明市,350400
三沙市,460300
三水区,440607
三穗县,522624
三台县,510722
三亚市,460200
三元区,350404
三原县,610422
桑日县,540523
桑植县,430822
桑珠孜区,540202
色达县,513333
色尼区,540602
沙河口区,210204
沙河市,130582
沙坪坝区,500106
沙坡头区,640502
沙市区,421002
沙田区,810016
沙湾区,511111
沙湾市,654203
沙县区,350405
沙雅县,652924
沙洋县,420822
沙依巴克区,650103
莎车县,653125
厦门市,350200
山城区,410603
山丹县,620725
山东省,370000
山海关区,130303
山南市,540500
山亭区,370406
山西省,140000
山阳区,410811
山阳县,611024
山阴县,140621
陕西省,610000
陕州区,411203
汕头市,440500
汕尾市,441500
鄯善县,650421
商城县,411524
商都县,150923
商河县,370126
商洛市,611000
商南县,611023
商丘市,411400
商水县,411623
商州区,611002
上蔡县,411722
上城区,330102
上党区,140404
上高县,360923
上海市,310000
上杭县,350823
上街区,410106
上栗县,360322
上林县,450125
上饶市,361100
上思县,450621
上犹县,360724
上虞区,330604
尚义县,130725
尚志市,230183
韶关市,440200
韶山市,430382
邵东市,430582
邵武市,350781
邵阳市,430500
邵阳县,430523
绍兴市,330600
社旗县,411327
射洪市,510981
射阳县,320924
涉县,130426
歙县,341021
申扎县,540625
莘县,371522
深水埗区,810006
深泽县,130128
深圳市,440300
深州市,131182
什邡市,510682
神池县,140927
神木市,610881
神农架林区,429021
沈北新区,210113
沈河区,210103
沈丘县,411624
沈阳市,210100
圣方济各堂区,820008
嵊泗县,330922
嵊州市,330683
师宗县,530323
施秉县,522623
施甸县,530521
浉河区,411502
十堰市,420300
石城县,360735
石峰区,430204
石鼓区,430407
石拐区,150205
石河子市,659001
石家庄市,130100
石景山区,110107
石林彝族自治县,530126
石龙区,410404
石楼县,141126
石门县,430726
石棉县,511824
石屏县,532525
石阡县,520623
石渠县,513332
石泉县,610922
石狮市,350581
石首市,421081
石台县,341722
石柱土家族自治县,500240
石嘴山市,640200
始兴县,440222
市北区,370203
市南区,370202
市中区,370103
市中区,370402
市中区,511002
市中区,511102
寿光市,370783
寿宁县,350924
寿县,340422
寿阳县,140725
舒城县,341523
舒兰市,220283
疏附县,653121
疏勒县,653122
蜀山区,340104
沭阳县,321322
双柏县,532322
双城区,230113
双峰县,431321
双河市,659007
双湖县,540630
双江拉祜族佤族布朗族傣族自治县,530925
双辽市,220382
双流区,510116
双滦区,130803
双牌县,431123
双桥区,130802
双清区,430502
双塔区,211302
双台子区,211102
双鸭山市,230500
双阳区,220112
水城区,520204
水富市,530681
水磨沟区,650105
顺昌县,350721
顺城区,210411
顺德区,440606
顺河回族区,410203
顺平县,130636
顺庆区,511302
顺义区,110113
朔城区,140602
朔州市,140600
思茅区,530802
思明区,350203
思南县,520624
四川省,510000
四方台区,230505
四会市,441284
四平市,220300
四子王旗,150929
泗洪县,321324
泗水县,370831
泗县,341324
泗阳县,321323
松北区,230109
松江区,310117
松潘县,513224
松山区,150404
松桃苗族自治县,520628
松溪县,350724
松阳县,331124
松原市,220700
松滋市,421087
嵩明县,530127
嵩县,410325
苏家屯区,210111
苏尼特右旗,152524
苏尼特左旗,152523
苏仙区,431003
苏州市,320500
肃北蒙古族自治县,620923
肃南裕固族自治县,620721
肃宁县,130926
肃州区,620902
宿城区,321302
宿迁市,321300
宿松县,340826
宿豫区,321311
宿州市,341300
睢宁县,320324
睢县,411422
睢阳区,411403
濉溪县,340621
绥滨县,230422
绥德县,610826
绥芬河市,231081
绥化市,231200
绥江县,530626
绥棱县,231226
绥宁县,430527
绥阳县,520323
绥中县,211421
随县,421321
随州市,421300
遂昌县,331123
遂川县,360827
遂宁市,510900
遂平县,411728
遂溪县,440823
孙吴县,231124
索县,540626
塔城地区,654200
塔城市,654201
塔河县,232722
塔什库尔干塔吉克自治县,653131
台安县,210321
台儿庄区,370405
台江区,350103
台江县,522630
台前县,410927
台山市,440781
台湾省,710000
台州市,331000
太白县,610331
太仓市,320585
太谷区,140703
太和区,210711
太和县,341222
太湖县,340825
太康县,411627
太平区,210904
太仆寺旗,152527
太原市,140100
太子河区,211011
泰安市,370900
泰和县,360826
泰来县,230224
泰宁县,350429
泰山区,370902
泰顺县,330329
泰兴市,321283
泰州市,321200
郯城县,371322
覃塘区,450804
汤旺县,230723
汤阴县,410523
汤原县,230828
唐河县,411328
唐山市,130200
唐县,130627
洮北区,220802
洮南市,220881
桃城区,131102
桃江县,430922
桃山区,230903
桃源县,430725
特克斯县,654027
腾冲市,530581
滕州市,370481
藤县,450422
天等县,451425
天峨县,451222
天河区,440106
天津市,120000
天峻县,632823
天门市,429006
天宁区,320402
天桥区,370105
天全县,511825
天山区,650102
天水市,620500
天台县,331023
天心区,430103
天涯区,460204
天元区,430211
天长市,341181
天镇县,140222
天柱县,522627
天祝藏族自治县,620623
田东县,451022
田家庵区,340403
田林县,451029
田阳区,451003
铁东区,210302
铁东区,220303
铁锋区,230204
铁力市,230781
铁岭市,211200
铁岭县,211221
铁门关市,659006
铁山港区,450512
铁山区,420205
铁西区,210106
铁西区,210303
铁西区,220302
亭湖区,320902
通城县,421222
通川区,511702
通道侗族自治县,431230
通海县,530423
通河县,230128
通化市,220500
通化县,220521
通江县,511921
通辽市,150500
通山县,421224
通渭县,621121
通许县,410222
通榆县,220822
通州区,110112
通州区,320612
同安区,350212
同德县,632522
同江市,230881
同仁市,632301
同心县,640324
桐柏县,411330
桐城市,340881
桐庐县,330122
桐乡市,330483
桐梓县,520322
铜川市,610200
铜鼓县,360926
铜官区,340705
铜梁区,500151
铜陵市,340700
铜仁市,520600
铜山区,320312
潼关县,610522
潼南区,500152
头屯河区,650106
突泉县,152224
图们市,222402
图木舒克市,659003
土默特右旗,150221
土默特左旗,150121
吐鲁番市,650400
团风县,421121
屯昌县,469022
屯留区,140405
屯门区,810011
屯溪区,341002
托克托县,150122
托克逊县,650422
托里县,654224
瓦房店市,210281
湾仔区,810002
湾沚区,340210
宛城区,411302
万安县,360828
万柏林区,140109
万年县,361129
万宁市,469006
万全区,130708
万荣县,140822
万山区,520603
万秀区,450403
万源市,511781
万载县,360922
万州区,500101
汪清县,222424
王益区,610202
旺苍县,510821
望城区,430112
望德堂区,820003
望都县,130631
望花区,210404
望江县,340827
望奎县,231221
望谟县,522326
威海市,371000
威宁彝族回族苗族自治县,520526
威县,130533
威信县,530629
威远县,511024
微山县,370826
巍山彝族回族自治县,532927
围场满族蒙古族自治县,130828
维西傈僳族自治县,533423
潍城区,370702
潍坊市,370700
卫滨区,410703
卫东区,410403
卫辉市,410781
未央区,610112
尉犁县,652823
尉氏县,410223
渭滨区,610302
渭城区,610404
渭南市,610500
渭源县,621123
蔚县,130726
魏都区,411002
魏县,130434
温江区,510115
温岭市,331081
温泉县,652723
温宿县,652922
温县,410825
温州市,330300
文安县,131026
文昌市,469005
文成县,330328
文登区,371003
文峰区,410502
文山市,532601
文山壮族苗族自治州,532600
文圣区,211003
文水县,141121
文县,621222
闻喜县,140823
汶川县,513221
汶上县,370830
翁牛特旗,150426
翁源县,440229
瓮安县,522725
涡阳县,341621
卧龙区,411303
乌翠区,230718
乌达区,150304
乌当区,520112
乌尔禾区,650205
乌海市,150300
乌拉特后旗,150825
乌拉特前旗,150823
乌拉特中旗,150824
乌兰察布市,150900
乌兰浩特市,152201
乌兰县,632821
乌鲁木齐市,650100
乌鲁木齐县,650121
乌恰县,653024
乌什县,652927
乌审旗,150626
乌苏市,654202
巫山县,500237
巫溪县,500238
无棣县,371623
无极县,130130
无为市,340281
无锡市,320200
芜湖市,340200
吴堡县,610829
吴川市,440883
吴江区,320509
吴起县,610626
吴桥县,130928
吴兴区,330502
吴中区,320506
吴忠市,640300
梧州市,450400
五常市,230184
五大连池市,231182
五峰土家族自治县,420529
五河县,340322
五华区,530102
五华县,441424
五家渠市,659004
五莲县,371121
五台县,140922
五通桥区,511112
五原县,150821
五寨县,140928
五指山市,469001
伍家岗区,420503
武安市,130481
武昌区,420106
武城县,371428
武川县,150125
武定县,532329
武都区,621202
武冈市,430581
武功县,610431
武汉市,420100
武侯区,510107
武江区,440203
武进区,320412
武陵区,430702
武陵源区,430811
武隆区,500156
武鸣区,450110
武宁县,360423
武平县,350824
武强县,131123
武清区,120114
武山县,620524
武胜县,511622
武威市,620600
武乡县,140429
武宣县,451323
武穴市,421182
武夷山市,350782
武义县,330723
武邑县,131122
武陟县,410823
舞钢市,410481
舞阳县,411121
务川仡佬族苗族自治县,520326
婺城区,330702
婺源县,361130
西安区,220403
西安区,231005
西安市,610100
西藏自治区,540000
西昌市,513401
西城区,110102
西充县,511325
西畴县,532623
西丰县,211223
西峰区,621002
西岗区,210203
西工区,410303
西贡区,810015
西固区,620104
西和县,621225
西湖区,330106
西湖区,360103
西华县,411622
西吉县,640422
西林县,451030
西陵区,420502
西盟佤族自治县,530829
西宁市,630100
西平县,411721
西青区,120111
西区,510403
西塞山区,420203
西沙区,460301
西山区,530112
西市区,210803
西双版纳傣族自治州,532800
西乌珠穆沁旗,152526
西峡县,411323
西夏区,640105
西乡塘区,450107
西乡县,610724
西秀区,520402
昔阳县,140724
息烽县,520122
息县,411528
浠水县,421125
淅川县,411326
锡林郭勒盟,152500
锡林浩特市,152502
锡山区,320205
溪湖区,210503
习水县,520330
隰县,141031
喜德县,513432
细河区,210911
峡江县,360823
霞浦县,350921
霞山区,440803
下花园区,130706
下陆区,420204
夏河县,623027
夏津县,371427
夏县,140828
夏邑县,411426
仙居县,331024
仙桃市,429004
仙游县,350322
咸安区,421202
咸丰县,422826
咸宁市,421200
咸阳市,610400
献县,130929
乡城县,513336
乡宁县,141029
芗城区,350602
相城区,320507
相山区,340603
香坊区,230110
香港特别行政区,810000
香格里拉市,533401
香河县,131024
香洲区,440402
湘东区,360313
湘桥区,445102
湘潭市,430300
湘潭县,430321
湘西土家族苗族自治州,433100
湘乡市,430381
湘阴县,430624
襄城区,420602
襄城县,411025
襄都区,130502
襄汾县,141023
襄阳市,420600
襄垣县,140423
襄州区,420607
镶黄旗,152528
祥符区,410212
祥云县,532923
翔安区,350213
响水县,320921
向阳区,230402
向阳区,230803
项城市,411681
象山区,450304
象山县,330225
象州县,451322
萧山区,330109
萧县,341322
猇亭区,420505
小店区,140105
小金县,513227
孝昌县,420921
孝感市,420900
孝南区,420902
孝义市,141181
谢家集区,340404
谢通门县,540227
辛集市,130181
忻城县,451321
忻府区,140902
忻州市,140900
新安县,410323
新巴尔虎右旗,150727
新巴尔虎左旗,150726
新北区,320411
新宾满族自治县,210422
新蔡县,411729
新昌县,330624
新城区,150102
新城区,610102
新都区,510114
新丰县,440233
新抚区,210402
新干县,360824
新和县,652925
新河县,130530
新华区,130105
新华区,130902
新华区,410402
新化县,431322
新晃侗族自治县,431227
新会区,440705
新建区,360112
新疆维吾尔自治区,650000
新绛县,140825
新津区,510118
新乐市,130184
新龙县,513329
新罗区,350802
新密市,410183
新民市,210181
新宁县,430528
新平彝族傣族自治县,530427
新邱区,210903
新荣区,140212
新邵县,430522
新市区,650104
新泰市,370982
新田县,431128
新吴区,320214
新县,411523
新乡市,410700
新乡县,410721
新星市,659011
新兴区,230902
新兴县,445321
新野县,411329
新沂市,320381
新余市,360500
新源县,654025
新郑市,410184
新洲区,420117
信都区,130503
信丰县,360722
信阳市,411500
信宜市,440983
信州区,361102
邢台市,130500
行唐县,130125
荥经县,511822
荥阳市,410182
兴安盟,152200
兴安区,230405
兴安县,450325
兴宾区,451302
兴城市,211481
兴国县,360732
兴海县,632524
兴和县,150924
兴化市,321281
兴隆台区,211103
兴隆县,130822
兴宁区,450102
兴宁市,441481
兴平市,610481
兴庆区,640104
兴仁市,522302
兴山区,230407
兴山县,420526
兴文县,511528
兴县,141123
兴业县,450924
兴义市,522301
杏花岭区,140107
雄县,130638
休宁县,341022
修水县,360424
修文县,520123
修武县,410821
秀峰区,450302
秀山土家族苗族自治县,500241
秀英区,460105
秀屿区,350305
秀洲区,330411
岫岩满族自治县,210323
盱眙县,320830
徐汇区,310104
徐水区,130609
徐闻县,440825
徐州市,320300
许昌市,411000
叙永县,510524
叙州区,511504
溆浦县,431224
宣城市,341800
宣恩县,422825
宣汉县,511722
宣化区,130705
宣威市,530381
宣州区,341802
玄武区,320102
薛城区,370403
旬阳市,610981
旬邑县,610429
寻甸回族彝族自治县,530129
寻乌县,360734
浔阳区,360403
循化撒拉族自治县,630225
逊克县,231123
牙克石市,150782
崖州区,460205
雅安市,511800
雅江县,513325
亚东县,540233
烟台市,370600
焉耆回族自治县,652826
鄢陵县,411024
延安市,610600
延边朝鲜族自治州,222400
延川县,610622
延吉市,222401
延津县,410726
延平区,350702
延庆区,110119
延寿县,230129
延长县,610621
炎陵县,430225
沿河土家族自治县,520627
沿滩区,510311
盐边县,510422
盐城市,320900
盐池县,640323
盐都区,320903
盐湖区,140802
盐津县,530623
盐山县,130925
盐田区,440308
盐亭县,510723
盐源县,513423
阎良区,610114
兖州区,370812
郾城区,411103
偃师区,410307
砚山县,532622
雁峰区,430406
雁江区,512002
雁山区,450311
雁塔区,610113
扬中市,321182
扬州市,321000
阳城县,140522
阳春市,441781
阳东区,441704
阳高县,140221
阳谷县,371521
阳江市,441700
阳明区,231003
阳曲县,140122
阳泉市,140300
阳山县,441823
阳朔县,450321
阳西县,441721
阳新县,420222
阳信县,371622
阳原县,130727
杨陵区,610403
杨浦区,310110
洋县,610723
漾濞彝族自治县,532922
尧都区,141002
姚安县,532325
瑶海区,340102
耀州区,610204
叶城县,653126
叶集区,341504
叶县,410422
伊川县,410329
伊春市,230700
伊金霍洛旗,150627
伊犁哈萨克自治州,654000
伊美区,230717
伊宁市,654002
伊宁县,654021
伊通满族自治县,220323
伊吾县,650522
伊州区,650502
依安县,230223
依兰县,230123
黟县,341023
仪陇县,511324
仪征市,321081
夷陵区,420506
沂南县,371321
沂水县,371323
沂源县,370323
宜宾市,511500
宜昌市,420500
宜城市,420684
宜川县,610630
宜春市,360900
宜都市,420581
宜丰县,360924
宜黄县,361026
宜君县,610222
宜良县,530125
宜兴市,320282
宜秀区,340811
宜阳县,410327
宜章县,431022
宜州区,451203
彝良县,530628
弋江区,340209
弋阳县,361126
义安区,340706
义马市,411281
义乌市,330782
义县,210727
易门县,530425
易县,130633
峄城区,370404
驿城区,411702
益阳市,430900
翼城县,141022
殷都区,410505
银川市,640100
银海区,450503
银州区,211202
鄞州区,330212
印江土家族苗族自治县,520625
印台区,610203
应城市,420981
应县,140622
英德市,441881
英吉沙县,653123
英山县,421124
鹰手营子矿区,130804
鹰潭市,360600
迎江区,340802
迎泽区,140106
盈江县,533123
营口市,210800
营山县,511322
颍东区,341203
颍泉区,341204
颍上县,341226
颍州区,341202
邕宁区,450109
永安市,350481
永昌县,620321
永城市,411481
永川区,500118
永春县,350525
永德县,530923
永登县,620121
永定区,350803
永定区,430802
永丰县,360825
永福县,450326
永和县,141032
永吉县,220221
永济市,140881
永嘉县,330324
永靖县,622923
永康市,330784
永年区,130408
永宁县,640121
永平县,532928
永清县,131023
永仁县,532327
永善县,530625
永胜县,530722
永寿县,610426
永顺县,433127
永泰县,350125
永新县,360830
永兴县,431023
永修县,360425
永州市,431100
埇桥区,341302
攸县,430223
尤溪县,350426
油尖旺区,810005
游仙区,510704
友好区,230719
友谊县,230522
酉阳土家族苗族自治县,500242
右江区,451002
右玉县,140623
于都县,360731
于洪区,210114
于田县,653226
余干县,361127
余杭区,330110
余江区,360603
余庆县,520329
余姚市,330281
盂县,140322
鱼峰区,450203
鱼台县,370827
渝北区,500112
渝水区,360502
渝中区,500103
榆次区,140702
榆林市,610800
榆社县,140721
榆树市,220182
榆阳区,610802
榆中县,620123
虞城县,411425
雨城区,511802
雨湖区,430302
雨花区,430111
雨花台区,320114
雨山区,340504
禹城市,371482
禹会区,340304
禹王台区,410205
禹州市,411081
玉环市,331083
玉林市,450900
玉龙纳西族自治县,530721
玉门市,620981
玉屏侗族自治县,520622
玉泉区,150104
玉山县,361123
玉树藏族自治州,632700
玉树市,632701
玉田县,130229
玉溪市,530400
玉州区,450902
郁南县,445322
裕安区,341503
裕华区,130108
裕民县,654225
元宝区,210602
元宝山区,150403
元江哈尼族彝族傣族自治县,530428
元朗区,810012
元谋县,532328
元氏县,130132
元阳县,532528
沅江市,430981
沅陵县,431222
垣曲县,140827
袁州区,360902
原平市,140981
原阳县,410725
原州区,640402
源城区,441602
源汇区,411102
远安县,420525
月湖区,360602
岳池县,511621
岳麓区,430104
岳普湖县,653128
岳塘区,430304
岳西县,340828
岳阳楼区,430602
岳阳市,430600
岳阳县,430621
越城区,330602
越西县,513434
越秀区,440104
云安区,445303
云城区,445302
云浮市,445300
云冈区,140214
云和县,331125
云龙区,320303
云龙县,532929
云梦县,420923
云南省,530000
云溪区,430603
云县,530922
云霄县,350622
云岩区,520103
云阳县,500235
云州区,140215
郧西县,420322
郧阳区,420304
筠连县,511527
运城市,140800
运河区,130903
郓城县,371725
杂多县,632722
赞皇县,130129
枣强县,131121
枣阳市,420683
枣庄市,370400
泽库县,632323
泽普县,653124
泽州县,140525
增城区,440118
扎赉诺尔区,150703
扎赉特旗,152223
扎兰屯市,150783
扎鲁特旗,150526
扎囊县,540521
札达县,542522
柞水县,611026
沾化区,371603
沾益区,530303
站前区,210802
湛河区,410411
湛江市,440800
张北县,130722
张店区,370303
张家川回族自治县,620525
张家港市,320582
张家界市,430800
张家口市,130700
张湾区,420303
张掖市,620700
章贡区,360702
章丘区,370114
彰武县,210922
漳平市,350881
漳浦县,350623
漳县,621125
漳州市,350600
樟树市,360982
长安区,130102
长安区,610116
长白朝鲜族自治县,220623
长春市,220100
长丰县,340121
长葛市,411082
长海县,210224
长乐区,350112
长岭县,220722
长宁区,310105
长宁县,511524
长清区,370113
长沙市,430100
长沙县,430121
长寿区,500115
长顺县,522729
长泰区,350605
长汀县,350821
长武县,610428
长兴县,330522
长阳土家族自治县,420528
长垣市,410783
长治市,140400
长洲区,450405
长子县,140428
招远市,370685
昭化区,510811
昭觉县,513431
昭平县,451121
昭苏县,654026
昭通市,530600
昭阳区,530602
召陵区,411104
诏安县,350624
赵县,130133
肇东市,231282
肇庆市,441200
肇源县,230622
肇州县,230621
柘城县,411424
柘荣县,350926
浙江省,330000
贞丰县,522325
浈江区,440204
振安区,210604
振兴区,210603
镇安县,611025
镇巴县,610728
镇海区,330211
镇江市,321100
镇康县,530924
镇赉县,220821
镇宁布依族苗族自治县,520423
镇平县,411324
镇坪县,610927
镇雄县,530627
镇沅彝族哈尼族拉祜族自治县,530825
镇原县,621027
镇远县,522625
蒸湘区,430408
正安县,520324
正定县,130123
正蓝旗,152530
正宁县,621025
正镶白旗,152529
正阳县,411724
郑州市,410100
政和县,350725
芝罘区,370602
枝江市,420583
织金县,520524
芷江侗族自治县,431228
志丹县,610625
治多县,632724
中方县,431221
中江县,510623
中牟县,410122
中宁县,640521
中山区,210202
中山市,442000
中卫市,640500
中西区,810001
中阳县,141129
中原区,410102
中站区,410803
忠县,500233
钟楼区,320404
钟山区,520201
钟山县,451122
钟祥市,420881
仲巴县,540232
重庆市,500000
舟曲县,623023
舟山市,330900
周村区,370306
周口市,411600
周宁县,350925
周至县,610124
珠海市,440400
珠晖区,430405
珠山区,360203
株洲市,430200
诸城市,370782
诸暨市,330681
竹山县,420323
竹溪县,420324
驻马店市,411700
庄河市,210283
庄浪县,620825
准格尔旗,150622
涿鹿县,130731
涿州市,130681
卓尼县,623022
卓资县,150921
资溪县,361028
资兴市,431081
资阳区,430902
资阳市,512000
资源县,450329
资中县,511025
淄博市,370300
淄川区,370302
子长市,610681
子洲县,610831
秭归县,420527
梓潼县,510725
紫金县,441621
紫阳县,610924
紫云苗族布依族自治县,520425
自贡市,510300
自流井区,510302
邹城市,370883
邹平市,371681
遵化市,130281
遵义市,520300
左贡县,540327
左权县,140722
左云县,140226
